steel,alloyCode,hEntry,hExit,wEntry,policyNo,WRB1,WRB2,WRB3,WRB4,WRB5,IRB1,IRB2,IRB3,IRB4,IRB5,IRS1,IRS2,IRS3,IRS4,IRS5,iu_mean,iu50_mean,iu100_mean,rf_mean_1,rf50_mean_1,rfMid_mean_1,rf_mean_2,rf50_mean_2,rfMid_mean_2,rf_mean_3,rf50_mean_3,rfMid_mean_3,rf_mean_4,rf50_mean_4,rfMid_mean_4,rf_mean_5,rf50_mean_5,rfMid_mean_5,C40_average
H123A31505400,M4A16,3.368,0.654,1303.699951,32330,0.613553227842742,0.6325575945524193,0.6432588023447582,0.6458078178830645,0.21448270592338706,0.5624856356281017,0.5190413239880584,0.5309089220502482,0.5016888465617245,0.4287733259739454,0.12932880711658176,0.02084097340124504,-0.1275006364601019,-0.19068767504951897,-0.4954710124717034,1.3935887096774193,2.8982857142857137,2.4781500000000003,12990.563496260082,11912.578996964285,13133.259247801152,12474.25550103226,12534.967703642857,12429.37872050432,10914.88788827621,11758.105433928575,10737.729177005765,9596.93385558871,9771.812813785715,9561.53790579827,3921.407334846774,3921.2610212142863,3920.8504149423634,52.48837661743164
H123A21401500,M4A13,3.368,0.645,1296.5,32220,0.666999557029885,0.684529301229885,0.7473769927195403,0.7361152902321839,0.35507936991034483,0.6382682163244916,0.550164423091954,0.6207758551609195,0.604883074127321,0.4277717870725022,0.25889582447267595,0.13129147065940713,-0.022517281685823752,-0.07676999365194595,-0.3869380138011696,1.0333379310344826,3.0480714285714288,2.4612380952380954,12753.701378409196,12191.28700467857,12921.877936081966,11944.009610694253,12362.443952214287,11848.231538134425,11252.59170931954,11808.368198964288,11077.674068255737,9620.815589073565,10320.72760882143,9472.430433527868,4606.917117885057,4606.399605785714,4606.5939052852455,69.49119567871094
H123A24301500,M4A13,3.368,0.693,1303.0,32330,0.581661447843882,0.6371051461118142,0.7434866896329114,0.7151654215548523,0.3357209304388186,0.7474582689694905,0.6130851299350861,0.6371628527726387,0.5778978278846154,0.46232025602564103,0.33957783494707233,0.21913087081205126,0.07222022373972908,0.019642090436005625,-0.28600273745651045,1.077282700421941,1.7530000000000001,1.6075714285714287,12683.306428409283,11845.592006107141,12819.268136990964,11729.010944099158,12216.511928035714,11650.439673737952,11122.689570559072,11853.351039428573,10978.79089503012,9439.410720774264,10006.940708714288,9337.977039036145,4507.563513637131,4509.457589214287,4507.391603036145,54.07447814941406
HD13A12100200,M3A33,3.368,0.721,1280.800049,12320,0.6526079660801394,0.6884878359233448,0.7152788536933798,0.7181395518710801,0.38380262050871083,0.6819166444652909,0.6173221618654515,0.5912018293419995,0.6074938673599571,0.4941362966764943,0.38883819299468186,0.30849330553212295,0.15764667631273308,0.08478085398863011,-0.3816828675591418,0.9805505226480836,1.9319285714285714,1.591136363636364,12190.202005519164,10852.30702432143,12296.485516751243,10689.112188972127,10407.542271214286,10740.160705238806,9449.452247121952,10192.760567749998,9399.756855373134,8737.528347501742,8978.103620285714,8772.399603522388,4305.143580202091,4308.094499928571,4305.095980054727,
H123A21305200,M3A33,3.368,0.741,1223.199951,12320,0.6529148920758018,0.6928263096151602,0.7142668569241983,0.7195743819329447,0.3527618050466472,0.6947305352007176,0.6321829614352994,0.6073458387867235,0.6077213830959857,0.5700322005247813,0.3922815287402179,0.31853326983785996,0.16352421653112373,0.08717047559715617,-0.3875844689785689,0.8431574344023323,1.6499285714285714,1.461047619047619,12397.501489040815,11950.58750692857,12406.535656729166,10796.464801049564,11053.692975678572,10741.1473348125,9594.245766317785,10420.16078407143,9525.601245108332,8749.272515017494,9396.212332500001,8702.979683425,4305.042107527697,4304.868983607143,4304.914538629167,31.577438354492188
H123A17501900,M3A21,3.368,0.647,1210.099976,32220,0.6727571311758621,0.7230521648982758,0.760417829524138,0.752704489512069,0.5621117656741379,0.6514577589761272,0.7007518164801061,0.6351198766876657,0.6299121999568965,0.40974498536803716,0.41233871698729585,0.3762408316938899,0.2638704189473684,0.20159171162734424,-0.32169407388384763,2.0137310344827584,3.880928571428572,3.6252500000000003,11950.331014289655,10746.635532928569,12155.175451736455,12414.577409415519,11368.031877785714,12522.237634224139,10407.079327210344,11067.843122142858,10291.245085950739,10229.270977598275,10688.482421892857,10206.048650157636,4153.857065758621,4151.902099642857,4153.716866625615,35.868404388427734
H123A17102600,M4A15,3.368,0.631,1169.699951,32220,0.6297146792488336,0.6229609352301712,0.6137364101275272,0.5986140390917574,0.36362929685069983,0.4944602281175979,0.4734640250598157,0.5671562634842685,0.5066000352613949,0.45891416039598043,0.38957278228697717,0.35258219006848385,0.24394865298081908,0.18471015815121006,-0.30611661017707564,0.9089393468118195,2.3269999999999995,1.9065714285714284,10530.59319718196,11081.3734655,11217.279550775555,9718.099184121307,10907.775076785712,10486.403956159998,8846.887370286158,10713.727015857143,9630.215703108888,7603.614787863142,9024.062011785714,8376.845468755555,3950.393803771384,4115.548165464285,4116.789790048889,41.74822998046875
H123A15703400,M4A13,3.368,0.633,1170.5,32220,0.6404921853676149,0.666509636214442,0.6451246546389496,0.6211960780306345,0.4794859232472648,0.6848939924785389,0.5617319529439487,0.5302212502364921,0.5691396031955899,0.40373044958929477,0.4140354717954625,0.4138067522745594,0.37340603778264053,0.27694998254827446,-0.31901684913816264,1.0719037199124726,1.712153846153846,1.6220526315789474,11493.651796695842,10881.505859346154,11593.5043273875,10423.639135575493,10907.837139423076,10344.814038075001,9348.150243181619,10273.559157115385,9218.544461075,8201.638288319476,8912.986440807694,8089.1009842125,4108.9216314223195,4110.759624769231,4109.21621631875,47.754539489746094
HD13A11600300,M4A13,3.368,0.619,1176.099976,32220,0.570988207404157,0.6172773371385681,0.5884809821200924,0.5608635776836027,0.37354153767667436,0.5651471859113519,0.5068742617036774,0.45755523329099307,0.4941227102185113,0.41823811124622495,0.36048936459624814,0.3832241024917952,0.34063619412503554,0.2500869528463191,-0.2865944637899599,0.8586304849884527,1.7661666666666669,1.4857222222222224,10034.487381360277,10516.807657833333,11353.221173673266,9529.269644006929,10391.516113208332,10274.345374366336,8273.90283091224,9959.617390958332,8977.19908338614,7216.877133549653,8577.044921875,7945.758254046203,3692.074491625866,4107.0113626249995,4109.274551841584,
H123A17102700,M4A15,3.368,0.645,1170.599976,32220,0.6276278653659942,0.6290425525734871,0.6118645450432276,0.5260153146368877,0.34551963631123916,0.8625544579516737,0.676219398669918,0.5835024931766792,0.5739075872101529,0.42197726433052535,0.41403862739268926,0.4138077795844077,0.3919465093887456,0.2753553781283179,-0.21445189343242832,0.767193083573487,1.9849166666666669,1.5420000000000003,11561.782792230548,11001.7432455,11585.071747193415,10339.95004898271,10637.903279625001,10303.708618683127,9447.635294711816,10203.320312416667,9396.335837032922,8272.107804613832,8901.919148791667,8274.332111600823,4041.449944827089,4113.775197333333,4111.858582271605,47.515892028808594
H123A17804700,M4A13,3.368,0.645,1165.599976,32220,0.4916037846565217,0.5227156765217391,0.564377075602174,0.5648867984913043,0.37772126996956523,0.7482518441187291,0.6092300694740803,0.5171238826881271,0.5032164925167224,0.5122937107675586,0.4140347062547675,0.4135839129672006,0.3701668953394355,0.25390198577421813,-0.3117032770404271,0.836386956521739,1.7904166666666665,1.5007368421052634,11228.641104780436,10652.56457525,11373.291118742236,10237.316053836958,10658.073242166667,10181.766137546585,9366.29996602174,10382.232177708333,9225.04982287267,8257.970923908695,8816.296101875,8186.692775571427,4094.6402083847825,4097.954996708334,4094.6399153416146,40.36872863769531
H123A21403500,M4A13,3.368,0.655,1173.099976,32320,0.6448566715650118,0.5601021002742317,0.6351183354751774,0.602235957,0.36223476140661937,0.7756464300072741,0.6115262267685033,0.5237684806001092,0.5388085633342425,0.4477794130414621,0.4140336772925222,0.41357895789473675,0.3701658996225789,0.2527004288913774,-0.30728040693459413,0.8190307328605201,1.6039999999999999,1.4337368421052628,11488.043070359337,10988.718383875,11562.971956841217,10256.681331281323,10577.842814124999,10231.279267199325,9428.36140431442,10446.175252374998,9332.309903523648,8322.75416021513,9009.4151205,8315.261619787163,4036.136465371158,4093.7612304166664,4094.4226560912166,41.20193862915039
H123A15704400,M4A13,3.368,0.644,1174.199951,32220,0.5975533874318841,0.5688982578434784,0.5907102080985508,0.5710034945710145,0.40999329625797093,0.7735076792697883,0.5594003209397993,0.46726544292084726,0.4757167834024526,0.38244410826198444,0.39963508810577175,0.38501520789219423,0.357775438189677,0.24795871191456906,-0.20958403397915076,0.971344927536232,1.9818461538461538,1.7008000000000003,10936.417150692752,10752.79541026923,11348.015451458677,9308.864806968117,10225.857684807694,9971.98862023554,8329.650127405797,9897.541992192306,9042.190300582643,7310.499234295653,8620.705040615383,8120.613676690083,4077.085958730435,4075.0687255000003,4077.656279289256,49.968719482421875
H223A25101300,M4A13,3.368,0.634,1163.099976,32220,0.6222499057457627,0.6020499252561204,0.6514196169303201,0.6421358361016949,0.3601975366591337,0.679500939589309,0.7234786734926844,0.5445663821345792,0.5912133360191222,0.3891238212856729,0.4140332371493707,0.40601196324710076,0.38176277769187555,0.27694697594740153,-0.2064493355667889,0.8320188323917138,1.8993846153846154,1.6208500000000001,11702.68157624482,11210.43780046154,11757.627471665768,10464.075338772129,11074.60265173077,10609.793887415095,9591.650918450094,10437.909968538463,9543.566050905662,8747.448130003766,9181.532189076923,8750.93454661725,4076.6527920094163,4080.1467943076923,4076.140530865229,59.4289530000
H123A22004200,M3A21,3.368,0.702,1152.800049,32320,0.7542823656588629,0.7197882586237458,0.7594079732759198,0.7723556857508361,0.5649656614866221,0.6663393624852071,0.6093379914484178,0.5540314565500386,0.592788399268073,0.37408643584705425,0.4140386089303526,0.4023855541336619,0.3092802346241859,0.26478524987971597,-0.32453452673825034,1.6194515050167224,2.802857142857143,2.702095238095238,11361.405052966556,10315.204589785715,11455.244975023867,11555.590897056856,10719.373116678571,11573.781585618139,9648.757226225753,10151.676374214285,9553.475963484487,9486.208229916389,9706.396519321428,9452.9279394821,3920.122310782609,3919.416390571428,3920.2330156205253,43.562660217285156
H123A22004100,M3A21,3.368,0.688,1113.400024,32320,0.7543541705424837,0.7195834024923747,0.7600402406448801,0.772968193087146,0.5682830957559912,0.6988415875104742,0.6443244437213005,0.5606421889567623,0.5925058824761187,0.37530580761102733,0.4140346290715898,0.4023735020754501,0.30927791295340745,0.26495371496388026,-0.324534568069411,1.6576470588235295,2.591928571428572,2.524142857142857,11658.775011908496,10277.547816678574,11699.070879624223,11876.248370283225,10797.61049107143,11855.706072897516,9704.24479804793,10263.01381142857,9629.082746996894,9477.840518172112,9732.21407642857,9455.591808968944,3919.361479705882,3921.490408785714,3919.558662726708,36.45579147338867
H123A22004300,M3A21,3.368,0.707,1112.5,32320,0.754330112668639,0.7196533336706115,0.7599557564970414,0.7729223885424064,0.5405778221104537,0.6800218193005614,0.624308432140798,0.5435379924290699,0.5658372207495068,0.3475543643969049,0.4140352261600749,0.40237364368317236,0.3092772080348801,0.264955603847884,-0.3245375233952732,1.4318520710059173,2.899692307692308,2.632315789473685,11481.15230714004,10152.446176423078,11577.946583391547,11686.942723739647,10639.713266192306,11715.082353101407,9547.774265743592,10137.680513884618,9463.591084383097,9230.763619865878,9562.969764038462,9191.327935188734,3919.9678870907296,3923.8345101153845,3919.885212653521,46.70124435424805
H123A16604300,M4A13,3.368,0.64,1115.900024,32220,0.7948400935991092,0.7825385463518932,0.7624078503853007,0.7995407386971047,0.3352210806124722,0.7552641829818401,0.6202759906921365,0.5526852223034092,0.5489408509876649,0.4815774150873736,0.4140346969093113,0.41357895789473686,0.37016496614699335,0.25390489844097996,-0.23160341081545738,1.2558953229398662,2.192076923076923,1.7281785714285713,10858.256226930958,10636.491962076921,10839.954458063492,9791.293073151448,10267.003868615384,9744.392717644445,8786.835619966592,9671.466909576924,8723.414636057143,7762.333730959911,8404.071176307692,7740.95761404762,3909.829663772828,3904.223538961538,3910.53805335873,61.18363571166992
H123A27002300,M4A13,3.368,0.632,1115.800049,32220,0.7891308141763158,0.7769635127144738,0.7589649016302632,0.7981039034486842,0.4002641711855264,0.7629735083375505,0.6187865627105263,0.5734979251791499,0.5800199038841094,0.4326235113137652,0.4113109417820869,0.41085804369806095,0.3687116335872576,0.25356994733148663,-0.23159280052169898,1.0294,3.0636153846153844,2.4323684210526326,10907.948557002632,10879.4819335,11145.302939973684,9767.252865444736,9996.201096769231,9825.847558964286,8997.716686375,9518.683518653846,8869.294250039475,8071.872142905264,8403.456768384616,8001.781580390976,3909.9308211315793,3908.4383638461536,3909.524839451128,58.15068817138672
H123A13803100,M4A13,3.368,0.647,1096.400024,32210,0.8067064630471311,0.7670082366454919,0.7336014692028688,0.7953927157008196,0.4063514257233606,0.7709916040558008,0.6948927104058953,0.5870997811065574,0.5696885708015449,0.3631075555319988,0.41403609463618074,0.4138245684210525,0.39206902502157026,0.2769528350805292,-0.1854801562266322,1.0853975409836065,2.5210000000000004,2.0859523809523814,11233.72312652459,10741.703194785716,11341.868632362573,10154.477318956968,10681.05189742857,10087.908345926902,8960.888347700818,9920.13581192857,8778.467159526317,7787.694773178278,8382.844029000002,7723.332762233918,3885.2813445307374,3885.9785854285715,3885.5337413479533,47.443641662597656
H123A30306500,M4A16,3.368,0.748,1089.5,32310,0.8467984615362776,0.8238491813880127,0.7771897927823344,0.760972956615142,0.228563551933754,0.7341911277723852,0.6747909001565154,0.5524982966124727,0.5651884508116962,0.44454251580562965,0.41403331668603693,0.4140350877192983,0.411288395174055,0.30000586710941396,-0.24522607460291107,1.2656151419558357,2.274857142857143,1.9277619047619043,11950.980209981073,11007.320940321428,11956.631800734232,10916.295042018928,10856.43676757143,10906.804177225227,9429.502600063091,10224.122628357143,9368.445545639639,8300.99017122713,8674.547781750001,8300.781568945946,3847.9256749747633,3847.7795236071433,3848.091331693694,
H123A26607100,M4A17,3.368,0.69,1091.800049,32310,0.8467510642447817,0.8239236348121443,0.7771459309127133,0.7609093182182164,0.45764651779316884,0.619812386252372,0.6010974875704276,0.5249097852970369,0.5203187326908482,0.3586694034272369,0.4140442097606446,0.41403508771929837,0.4112857296048471,0.30000093202836314,-0.24522060852891248,1.1350094876660342,2.116,1.8684285714285715,10821.333863925996,10156.29394532143,10961.587980609756,9660.84655924668,10055.86872207143,9604.84480597561,8726.158223508539,9671.407714928571,8562.715219552845,7439.145685719165,8041.894025607143,7348.881662604336,3830.1216431555977,3828.969970607143,3830.005230796748,43.12873840332031
H123A13805000,M4A13,3.368,0.667,1088.5,32310,0.8516073524779582,0.7908209916728537,0.7574855651206497,0.7440713032250579,0.468259929763341,0.6311219554738533,0.5518025883232197,0.5159301776289488,0.5338122145734427,0.37448006156255575,0.41402328255790294,0.41403508771929837,0.4140238539015754,0.2974609826840883,-0.24192811159685756,1.1643457076566124,1.9396428571428572,1.778809523809524,10942.858162802782,10463.962820857143,11000.07158430897,9794.9548062413,10092.251953142859,9757.936763518273,8786.068767215778,9742.55018832143,8676.80817198339,7495.43587312993,7995.30092075,7466.412944774086,3794.2606872412994,3798.3334525714286,3793.7343084916947,48.08488845825195
HB13A11508000,M4A13,3.368,0.645,1081.900024,32210,0.8516239403995679,0.7907114866760259,0.7574093750453563,0.744025235989201,0.45715710341036714,0.65589370345157,0.555630553398405,0.47612292671955475,0.5045275238087722,0.3787079782272803,0.4140795705505665,0.4140350877192984,0.4140695682694859,0.2973994934788375,-0.24227956787541208,1.2117386609071277,1.8431428571428567,1.6856666666666664,10890.977439928727,10137.044642892855,11007.005995003086,9846.580757298056,10138.917271107142,9795.89177337963,8669.05154688337,9427.002301892857,8498.629560283951,7422.023236069114,7803.23444475,7364.12965675,3793.150053155508,3794.341151678571,3792.8328028487654,
HB13A11809800,M4A13,3.368,0.638,1084.199951,32210,0.8121460635014492,0.7264866497391304,0.678386240231884,0.6577318318811595,0.45529092689275363,0.6764376716120402,0.5333088954481606,0.4608452121282052,0.4848558941638796,0.3310265229375697,0.3948228829595729,0.38043224002034076,0.37083752775997963,0.2629588604830918,-0.21107185021103483,1.40231884057971,2.627785714285715,2.2096666666666667,10463.302120095652,10478.117013107143,11039.291842830578,8870.595122886956,9752.00927742857,9659.483955363636,7514.046775927536,8990.709507607144,8318.094185822314,6590.3711928115945,7842.957920535714,7418.445611107439,3511.973010779711,3798.3612147857134,3797.7152502933886,
H123A14807200,M4A13,3.368,0.711,1084.599976,32310,0.8395493005882353,0.8323488088752942,0.8201496056541177,0.8237717351247059,0.43064283788941177,0.7412251734371041,0.586352164122172,0.5300402573538462,0.5412913426226245,0.4367164353638009,0.4140351702951497,0.41403459226419004,0.4138348814530444,0.29745898709597524,-0.2419193374778122,1.2236752941176472,3.4376666666666664,2.8538571428571426,10393.767918225883,10108.02552086667,10417.766277157718,9055.468384672942,9418.668294333334,9008.251297731544,8016.862682661175,8605.669596366666,7941.292198624162,7095.907599931765,7679.156070933332,7066.995729979867,3718.209211270588,3712.904777,3718.6887534563757,56.144657135009766
H123A13805700,M4A13,3.368,0.636,1058.900024,32210,0.8389514713113773,0.8328216259361276,0.8203861218083832,0.8246602353193613,0.4453679143033932,0.7383896164056504,0.6055560522009825,0.5475559715660985,0.55301931827115,0.38144778066405655,0.4140348075217986,0.41403508771929837,0.41403466771719727,0.2974518319641419,-0.24192568837763068,1.0245469061876247,2.1475333333333335,1.909227272727272,10348.0233459002,9781.2067058,10456.432301911429,9228.949450708584,9613.0226237,9162.785312502858,8179.989526826346,8905.854231733332,8042.171291877143,7210.765035349301,7652.487776633334,7142.044610762857,3716.9959217285427,3718.431070966667,3717.2260282057146,42.89866638183594
H123A13806000,M4A13,3.368,0.635,1065.400024,32210,0.8390166427394209,0.8142765406391982,0.7912742762338529,0.7842652406881961,0.4355028062427617,0.7445637408369025,0.5951223517988693,0.5363582251524756,0.5207711573942093,0.3290238585831763,0.41403493139530345,0.4048202255616772,0.3992805850974876,0.2828743001914586,-0.2279166910874067,0.989619153674833,2.3088571428571427,1.9979047619047616,10408.600303200445,10047.98685132143,10438.2749318,9048.152228465478,9488.019008142857,9222.041976676192,7962.460995097995,9119.047084249998,8168.3573303809535,6806.951577518931,7714.988682357143,7125.5707589396825,3502.679540703786,3717.101257321429,3718.0042720952383,46.595550537109375
H123A13807200,M4A13,3.368,0.654,1039.699951,32310,0.8516580251928166,0.7787548191398866,0.7344420740510397,0.7132889249659735,0.47623282936862005,0.6799204933001308,0.6137202829627744,0.4868310716366148,0.5409795732506907,0.344355280640541,0.4140309760222864,0.40777262606042525,0.4015099662587471,0.2850763780055052,-0.2309374174907969,1.0692570888468809,2.824785714285713,2.299521739130434,10488.79955547259,10139.236084,10490.079309504044,9295.622291822307,9856.959088964284,9404.214899008086,7972.723471283553,9070.809884249999,8147.68791983558,7077.400757092627,7772.305193214285,7392.702265595688,3480.4262109243855,3647.7179216785726,3646.392899916442,50.431053161621094
H123A13807500,M4A13,3.368,0.647,1040.199951,32210,0.8515973968834498,0.7907170764475523,0.7574332798811189,0.7405724006480188,0.4610747718228439,0.6833828839949795,0.6168587339142908,0.5106918947292451,0.5243703189985656,0.37273255122019006,0.4140357413650677,0.41403508771929837,0.4140351697542224,0.2960642053653948,-0.2396549288921605,1.0506806526806527,2.3675,2.0145714285714287,10517.018846074592,10138.826415964286,10514.222036581396,9337.71660337296,9811.180175821428,9282.576544953487,8297.09016013986,9133.430419892857,8203.24549351163,7000.265897030302,7669.175763892856,6992.387552561461,3612.940964634033,3647.7785035357147,3647.0831270498343,48.610965728759766
H123A13807000,M4A13,3.368,0.643,1040.699951,32210,0.8516062561478991,0.7907285434134453,0.7574070914789915,0.7440199188,0.49209563664873945,0.688570238014221,0.6272049882417582,0.5076977103555268,0.5537554415675501,0.35585673037297993,0.41402736316674044,0.4140360904260652,0.4140349106059266,0.2974505682559339,-0.2419097124753059,1.1060436974789916,3.6659999999999995,2.995238095238095,10566.771581210083,10154.274772033334,10641.769631956833,9436.449404216806,9890.440982966666,9361.058373623502,8272.714163440338,9147.651139333331,8138.425816378898,7286.39083674958,7709.5539063333335,7236.06569901199,3647.1997985428575,3645.7597573999997,3648.203386721823,51.3892707824707
H123A13806700,M4A13,3.368,0.644,1041.0,32210,0.7141846610169851,0.642952992193206,0.6030392608980891,0.582969844104034,0.3712622059936306,0.5688432076473952,0.4989397278335784,0.3992655746170178,0.4114911473909848,0.2893315872889107,0.3472287409095988,0.33667821358066086,0.3296478569449101,0.23303274150556855,-0.187468840138563,1.0563630573248408,2.519214285714285,2.1355714285714287,8783.152132265392,10096.543736071428,10541.20234137082,7566.785015259023,9714.730399000002,9255.31125925532,6538.226493038217,8952.586181642857,8099.463705419453,5500.825003509554,7660.612531392858,6802.971044462007,2826.149416653928,3648.849958142858,3524.5659929179333,47.87223434448242
H123A13806600,M4A13,3.368,0.648,1039.199951,32210,0.7728378107934067,0.707298133265934,0.6641860352967033,0.6425860773890111,0.42271592715824174,0.6718997764530853,0.5522490597548606,0.4454161782510566,0.46242589496787834,0.32188087161284873,0.38130086770773086,0.3703566608829768,0.3630791594524774,0.256915597686524,-0.20771289433583964,1.1434329670329668,3.7660000000000005,3.0001904761904763,9704.516687417583,10037.083844857145,10596.506591031348,8358.497332134066,9875.631835857143,9285.68284983699,7256.449450558242,9076.802664714285,8186.517054642633,6144.960719646153,7705.016183000001,7062.467386178684,3135.293210208791,3648.3453455714293,3648.2782797586206,52.64774703979492
H123A13807700,M4A13,3.368,0.644,1042.0,32210,0.7934773298410758,0.8120452445305625,0.8052073568948657,0.7752250674889976,0.4498728362909536,0.6735433384370886,0.630673112967839,0.5595313261077675,0.5805431757043445,0.4217167258707918,0.41405250343585126,0.4140341438510703,0.4140377482520482,0.29744983521640284,-0.2419262162999185,1.227760391198044,3.805428571428571,2.9756666666666667,10451.579839344742,9911.241489964286,10466.49267405575,9286.243971090464,9651.170340392859,9238.749574655052,8267.605335058679,9078.532226642857,8177.403609550524,7062.148874422983,7540.554931571428,7049.76693330662,3590.5284020855743,3586.6649170357146,3591.403259905923,45.95139694213867
H123A12701300,M4A13,3.368,0.685,1024.699951,32310,0.8244598548763558,0.8130411827049892,0.8119449550303688,0.8364044234338396,0.408519461208243,0.7767497859636243,0.5953718267211747,0.5118246068354748,0.6293406728416486,0.5433459841256466,0.4140301399931499,0.4140350877192984,0.4140301406933821,0.29744849147924035,-0.2419304298512007,1.0989587852494578,2.4978000000000002,2.1495238095238096,10074.165401316703,9742.02109373333,10140.44516695652,8802.32571748156,9185.490332099998,8749.09336178882,7737.283169240781,8519.025032533333,7589.082181397516,6884.279504457701,7245.756315133333,6817.84506167702,3549.1835106030367,3552.6031169,3549.075401552795,51.649688720703125
HD13A10900200,M3A43,3.368,0.676,1009.099976,12310,0.7863008699609608,0.7640676647087087,0.7429963228468468,0.8082973555585585,0.30697337785885886,0.6516774308639408,0.6388568085677986,0.589479884034419,0.659933926948487,0.48985078307345803,0.41404783723723726,0.4124450839154945,0.37160665206258886,0.2601569979242401,-0.3423176867709815,1.1156576576576578,4.021928571428572,3.177571428571428,9628.525148687688,8597.185355035715,9727.903634665236,8595.22382782883,8315.472045892859,8646.42532439485,7324.228209186186,7781.081734821428,7275.476399060086,6896.732760555556,6858.159702785714,6914.564478240343,3123.458633207207,3122.7863770000004,3123.490013274678,
HB13A11103400,M3A43,3.368,0.665,1043.699951,12310,0.7867528835565611,0.7643079497104072,0.7439678104479637,0.8087230080542986,0.3419326064434389,0.6704706711434042,0.6502483788757397,0.5928667836877829,0.6695914479168118,0.3875363581865645,0.41402238594903545,0.41245615087719295,0.3705320263237278,0.25973787106453916,-0.347193768151147,0.9624615384615384,1.409857142857143,1.3020952380952382,9756.75102517647,9062.528529607142,9770.183124487014,8677.295080968326,8438.889822785713,8665.842050564936,7343.990720457014,7739.149849999999,7286.966533720781,6981.028603113123,7122.812901071427,6955.201672837661,3123.061491438914,3124.3747210357146,3122.5877020194807,
HB13A13605500,M3A43,3.368,0.677,1032.199951,12310,0.7867107959020173,0.8136496202190202,0.743988021279539,0.8087588935504322,0.37456048179827095,0.65177693527045,0.6224707207215695,0.5762818846708047,0.6452933986045223,0.3229113199168699,0.413988472824713,0.4124442166439153,0.3705307599373072,0.25973992565852677,-0.3476253620102129,1.031521613832853,2.413214285714286,1.9025238095238097,9583.261772213256,9085.3970075,9602.950239506172,8421.653377997118,8503.483346107143,8397.457308534978,7190.428484389048,7692.205444321428,7115.758079761316,6757.354207933718,6903.741123678572,6729.833670921809,3122.0724541786744,3123.084141285714,3122.29640781893,
H123A12701200,M4A13,3.368,0.653,1029.699951,32310,0.8515125356710816,0.7907816298101545,0.8275144991589404,0.7871747668189846,0.48789904257836647,0.759108118617762,0.6077672312650705,0.607683930877908,0.6677591560511122,0.44234682917727963,0.4140345460671546,0.41403454384415794,0.4132204030595253,0.2970170787576004,-0.24593431709848568,1.2139492273730683,2.5432142857142854,2.1594782608695655,9971.878287536423,9429.641078357145,9968.304964741325,8805.573533216337,9085.635253892857,8775.891607735015,7813.871562629139,8328.586321107145,7758.600592107255,7124.575838818985,7272.590366857143,7153.490767353312,3555.327886271523,3555.967590357143,3554.4801106372242,51.76517105102539
H123A12701400,M4A13,3.368,0.641,1014.799988,32210,0.8515723808943396,0.7907272693830188,0.8279199081566038,0.7871937587471698,0.4312522866830189,0.7804381635058054,0.6235800714716981,0.6283686139862119,0.6681692175384615,0.48676583473004353,0.41404945339291627,0.4140350877192983,0.4140350212247601,0.29744899108242295,-0.24235716754716977,1.1848528301886792,1.4581428571428572,1.4606363636363637,10166.029038920755,9633.888392750001,10261.553742533693,8948.93430315283,9350.297049428571,8900.544887668464,8004.2651265867935,8686.237234964285,7884.443700250674,7122.540924422641,7470.689174071427,7104.104917301886,3555.7253583754714,3555.9541887499995,3555.308899733154,46.81409454345703
H123A15106700,CSAO1,3.368,0.942,1612.800049,22540,0.42778025651639745,0.42732646969848265,0.41805029513145936,0.4332778668120411,0.18398488265631774,0.30244398258707034,0.33354895154749803,0.33017406555170664,0.3519040829867464,0.23976154216329681,-0.47157111518664496,-0.4882219823256133,-0.4913735660990459,-0.5603436066053533,-0.5733805577693623,0.8686578560939794,0.525644844517185,0.6006708074534162,7090.632268393048,596.1423309533546,4719.4613054,6736.660479426823,468.76787948036036,4695.595337359441,5107.644330838473,204.30070031014725,3363.7475853713295,5270.69322760842,239.77369349918212,3432.1366557251745,1574.4428171111108,-913.9761652659574,451.09557640559456,48.92363357543945
HB13A14213000,M3A23,3.368,0.712,1621.599976,42340,0.5550923376236787,0.5570153440676532,0.5380902761522198,0.4783990622410148,0.34626109298731506,0.4894643410188649,0.5315069124548708,0.513056792641893,0.43247926402179215,0.2341616829037242,-0.29653484717925893,-0.298876820896851,-0.29635377046845446,-0.29470145867734876,-0.40949244919698824,2.037938689217759,2.6317368421052634,2.308612903225806,15916.558612346724,15158.91349707895,16016.210946359517,15744.544787682877,15744.130782342105,15790.754632036253,13097.709327093022,13151.640804842105,13080.738269438067,13153.988822188161,12922.883532131578,13198.844812111784,7766.548603073995,7766.778140394736,7766.143362915408,
HB13A14212900,M3A23,3.368,0.712,1546.800049,42340,0.48677584048443584,0.47506699471206226,0.4729306687626459,0.479758504307393,0.3553961251186771,0.42367468667614483,0.4104994855245436,0.42816829587099664,0.4043598803307393,0.22459983241694104,-0.1868583526861902,-0.19458481739367878,-0.24512430935900062,-0.2600315373336064,-0.40474468842241795,1.9458910505836577,3.2805714285714282,2.8565416666666668,15203.248119083659,14426.347307500004,15365.935837147223,15551.73633000973,15596.541434107145,15577.918419033336,13258.117026001946,13541.053118142858,13197.802967658334,13346.609177396886,13575.07128907143,13317.32876517778,7756.270880210117,7755.868931464284,7756.215713174999,
H123A26302400,M3A23,3.368,0.7,1543.5,42340,0.48925395971406244,0.47260479570156255,0.47221406557499995,0.46388553680937494,0.357617294228125,0.4124908386039664,0.3784132051862981,0.4179946041911057,0.38821798809014424,0.28837675578966343,-0.17629315014254385,-0.18807993012061403,-0.24431260520833337,-0.25988952774122803,-0.4047388098739034,1.72996875,3.1408571428571426,2.8132608695652173,14979.487243656253,14576.941127285714,15087.568450928573,15080.452214051562,15148.912388464287,15101.106767921874,13061.054919459375,13426.549874571429,13025.873611473215,13092.512831114062,13289.407052142857,13092.791695720982,7752.394209285939,7757.182774071429,7751.738910140625,48.89210510253906
H123A20603900,M3A23,3.368,0.701,1544.400024,42340,0.48931312438514685,0.5344966303661486,0.47223827987046635,0.46378027485664935,0.42390254424870466,0.5351191487757405,0.4869954104337717,0.490678589141092,0.47278330748438957,0.25353012263053015,-0.17629949028876163,-0.18808653547859286,-0.2443137820743569,-0.25989067479320055,-0.4047383511256552,2.8761623488773744,5.079058823529412,4.753107142857142,16838.095831302246,16062.216480941177,16858.48544293842,16666.896644588945,16566.478831529414,16670.27561189409,14392.779652773748,14843.579676088235,14366.831874916254,14418.83525104145,14512.884622058822,14435.294597160098,7755.243416193437,7753.198917088236,7755.221817975369,46.111183166503906
H123A28502300,M3A21,3.368,0.626,1400.099976,32230,0.4845403678742393,0.46917546035902635,0.5443671116105475,0.5648415700669371,0.33169280319472616,0.4818486192775784,0.45846827688953035,0.4192162017452021,0.49044564101575905,0.1549601054127009,0.12307348349880785,0.10118088602540835,0.03690210312800256,0.006035657094053593,-0.29110792536920393,1.7447890466531442,3.497928571428571,3.0543333333333336,12084.090566770792,12653.897286607142,13740.664821110142,12402.27205089452,14178.189627535712,14376.597081628986,10853.730433123732,12260.236363,11629.375288750723,11057.457888965517,12623.777587964285,12033.409658075365,4492.349203273833,4932.918613928572,4932.603487295652,54.44120407104492
H123A28502200,M3A21,3.368,0.595,1405.199951,32230,0.5265041518766356,0.5116555029738317,0.5455566687906541,0.5689621521514019,0.3213245273495327,0.5389034311480948,0.5163828486578002,0.4469948192537742,0.49308511573975555,0.15214149884543493,0.133750777084768,0.11034248451877356,0.03849772093785867,0.0060783079193310365,-0.2921516223577636,1.5536915887850467,3.4566923076923075,2.9558500000000003,13333.010944807476,12985.832444346152,13968.581783858666,13705.175883476637,14251.652418884614,14578.322729165333,10925.340884214955,12249.71555730769,11699.567546901335,11128.177849358879,12612.093975423077,12018.399580717336,4508.062476269159,4933.078575615385,4932.232045584,49.236175537109375
H123A30905200,M3A31,3.368,0.597,1401.800049,12230,0.503245715375,0.4937099743786766,0.4944989353694853,0.5025349231029412,0.27544464140992647,0.4625683157084276,0.4422568495574095,0.4408994447716346,0.4633146544888292,0.16272859726597852,0.16256417790247676,0.036927502579979364,-0.06382591738261094,-0.0986729233230134,-0.37283372305211554,1.0642720588235295,2.6852,2.2516818181818183,13172.349964829045,12976.980338500001,13189.139146068243,11750.505796556985,11934.725455833335,11651.383460979001,10099.239726360294,10299.702929766667,10044.74301028084,9895.841669424632,9913.733886733333,9859.09515204462,4214.425477887868,4216.465478633333,4214.011753375328,66.19288635253906
H123A30905300,M3A31,3.368,0.588,1402.400024,12230,0.4603201008472441,0.45193491503937006,0.46271835801574807,0.4394672531039369,0.3235716067858268,0.37600305120654154,0.37689832467595397,0.40488556987825564,0.39833203827922475,0.14420457974984857,0.17699173925680342,0.05878662527973476,-0.023789252659207078,-0.07793645423401022,-0.3560623362287609,1.7626629921259842,3.4713125,3.0030799999999993,11947.316301675592,12771.57131959375,13116.140148793258,10440.325638223621,12027.641021656249,11643.33575535281,9202.139756119685,10261.35015878125,10043.813535842697,9178.91435008189,9859.0817565625,9845.388415105617,3810.135410371654,4107.089637749999,4107.5446041887635,61.52889633178711
H123A30906000,M3A33,3.368,0.595,1283.099976,12220,0.6756411620662983,0.7215150479060773,0.6847439353867404,0.6742616901012891,0.2953184229647461,0.5635250783524578,0.6355440992350192,0.6351518120519904,0.5603919070080748,0.3808020054929877,0.3298531876385254,0.18183063559174178,0.07392484801783465,0.017973958864010858,-0.400118381351168,1.54392817679558,4.616,4.210681818181819,12426.119412197055,11900.890299533332,12461.350020555263,11367.466104491714,11353.199674466665,11321.148275618421,9681.735085397791,9959.138476566668,9675.925149063158,9217.6005050221,9416.995703133336,9210.40122071579,3884.568936683241,3887.4980631666663,3884.32664088421,45.03464889526367
H223A31003200,CSAO1,3.368,0.511,1268.300049,22220,0.6988795715923912,0.7715682866385869,0.7837498112595109,0.6929895549483696,0.31527363283423915,0.45243282987823996,0.5416431789308112,0.7166083447486413,0.5892242358314173,0.27247686821331524,0.3420571133199848,0.18106144681064074,0.1181964602927155,0.10021371813501147,-0.4626433076277651,1.2645489130434784,3.2626875,2.8655454545454546,10464.718545668478,10303.8164368125,10769.080645093205,9697.79167639538,10063.8026733125,9698.24855126602,9579.742241907608,9631.978485125,9514.264240747572,8689.382023019023,8835.84509278125,8777.140917017476,3796.862441029891,3796.62206271875,3796.840104970874,47.4627650000
H223A31001900,CSAO1,3.368,0.504,1267.099976,22220,0.7079991548920118,0.6979681558964498,0.7468539977544378,0.7151563695340236,0.3679078003047337,0.5886838308858671,0.5232006390111517,0.5552427409359354,0.6157228075910333,0.31632834221495215,0.3420520632461331,0.1810637355444825,0.11818436430499324,0.10021296380670613,-0.37166563083151666,1.223612426035503,2.9824374999999996,2.6474545454545453,10884.835676008877,10383.73599240625,11016.448830585623,9562.767214081361,9735.670410093751,9527.439104198733,9222.263322275148,9503.64007565625,9132.379267549684,9801.762120344674,10203.66213984375,9752.305552581396,3790.044388093195,3793.16150665625,3789.3570048329816,29.6933950000
H223A31001700,CSAO1,3.368,0.506,1268.099976,22220,0.7079887696617375,0.6979527785212569,0.7468620218595194,0.7151569651792976,0.3120977984639557,0.5932352820190531,0.5124053902075928,0.5477648214176027,0.6067707780250249,0.3339668453568889,0.34205318311768335,0.1810619667931381,0.11819106753575251,0.10021214613613516,-0.37166605233972183,1.272301293900185,3.50625,3.046954545454545,10931.562328521257,10570.159240656249,11006.921864674603,9458.968091136785,9682.838806156251,9437.893213653439,9135.539775493531,9620.145141593748,9083.69084300529,9717.069716811458,10217.495758062501,9743.801951568783,3790.4212874288355,3789.66359715625,3790.8045970555554,53.4433760000
H223A31002500,CSAO1,3.368,0.498,1279.300049,22120,0.7080029499565892,0.6980180840806203,0.7468992712790697,0.7151433905178295,0.3480033145271318,0.5913820049516995,0.51717152640966,0.5565181466237328,0.6031300539445438,0.3074081023810376,0.3420559776145791,0.1810624738365293,0.11819670753161976,0.10021297363253096,-0.37166664069631444,1.237274418604651,3.2146000000000003,2.7181363636363636,10914.122710748838,10387.115820366667,11042.802248247788,9507.1230166,9819.542968766667,9473.594959904869,9235.270271638761,9710.648046833334,9121.094834601769,9683.331393843411,10106.562532533333,9614.019224471238,3792.013443248062,3791.7307779,3791.847417504425,40.9348790000
H223A31002100,CSAO1,3.368,0.497,1273.5,22120,0.70808206603154,0.6980063821873841,0.746924973051948,0.7152085589202226,0.3419306171910946,0.5945625997074354,0.512812062641644,0.5407835624068789,0.5893736659690311,0.29793754064150135,0.34206744096605146,0.18106688525860107,0.1181966586661459,0.10021143779578817,-0.3689075285356248,1.224996289424861,2.8919333333333337,2.503772727272727,10946.434945363637,10369.664322966668,11073.659649894178,9467.383627805195,9655.898535166667,9470.065005986773,9058.191746847866,9510.738476566668,9030.220377574075,9552.63646145269,9984.299023466669,9539.752056436508,3764.132363172542,3788.9216878999996,3792.632827997355,29.0450730000
H223A31002700,CSAO1,3.368,0.497,1273.5,22120,0.7080119766962844,0.698007288526656,0.746858455736672,0.7152097380920841,0.33663929060904685,0.5847485444904934,0.5000864045321237,0.5435281876065614,0.5937445484708587,0.2972078241686343,0.3420448941303177,0.1810649287929031,0.11819743063231584,0.1002132472862285,-0.371666184281382,1.2598869143780291,3.0107999999999993,2.6347272727272726,10849.207308919225,10407.308235666665,10944.904735654378,9350.226354234248,9609.663834566667,9345.969206771888,9090.882416516963,9546.007356833334,9053.39925656221,9593.745554192245,10125.569889299999,9573.3537878894,3792.62453301777,3792.793277966667,3792.459529476958,44.5401370000
H223A31002900,CSAO1,3.368,0.5,1265.199951,22220,0.707979128460371,0.6980105922209107,0.7468440402411467,0.7151773145396291,0.32578080474367627,0.6075427143163835,0.5139252857011285,0.5561393928823453,0.6002114292171489,0.3160555484090025,0.342053785325878,0.1810662968965415,0.11819638320759741,0.10021277479364517,-0.3716682338392356,1.3804772344013492,3.247799999999999,2.824909090909091,11075.161493440135,10374.557584633332,11190.924028113255,9479.580083062396,9669.487825433334,9458.45317440723,9229.962100146711,9625.073046866666,9135.038728354217,9656.575638310287,10150.879817766665,9602.504529853013,3792.236590809443,3793.288761366667,3792.8352921614455,44.8608620000
H223A31003400,CSAO1,3.368,0.529,1224.5,22220,0.6443163106473283,0.626016420859542,0.6331409290534351,0.5879579045587786,0.31441476756183206,0.3590687840416911,0.5158919393869641,0.37594818105637107,0.30600868144216087,0.43910044096829126,0.3150874545975626,0.16418352485871163,0.10520905173697603,0.08797964383554306,-0.4193853019258068,1.7070503816793896,3.730199999999999,3.311818181818182,9456.24802898626,9675.329785133332,10351.578410102395,8361.394183861068,9474.5833007,9275.429591755992,7552.144593893129,9077.256380300001,8459.234962246188,7782.856901538932,9395.966927066667,8823.493327877995,3355.102118633588,3595.1268066666667,3596.950518716776,40.5874920000
H223A31003300,CSAO1,3.368,0.5,1210.699951,22220,0.7021342738711256,0.6972883614469821,0.7151917354306689,0.671345771831974,0.3542358094257749,0.3850628572129502,0.5535578275636843,0.4205759768785293,0.3459309757792697,0.46715048939892084,0.3420559275178157,0.18105754862196272,0.11819907681520278,0.10021293137574767,-0.46264641745800056,1.8990097879282215,3.4921249999999997,3.2421818181818183,10218.125866649265,9739.005737406249,10298.433461722612,9105.889648453507,9288.04055790625,9087.747773731935,8480.946631587276,8894.66018678125,8458.732950004662,8845.919176324633,9185.62017828125,8851.256353365967,3596.502832115824,3597.75936125,3596.449488498834,52.1869140000
H623A48901000,M3A30,3.368,0.473,1206.199951,12120,0.7325051188044515,0.739956508036566,0.7600637180985692,0.7123894775755167,0.2849472592686805,0.5649515036584322,0.6718719109966981,0.6945013149406872,0.7070288377008683,0.4920252126923077,0.4087921231807659,0.27979845542632414,0.21896293110199985,0.20206587950241264,-0.3603349737874097,1.3121192368839427,2.7200625,2.352272727272727,10461.470144203498,9695.052734375,10600.278486390021,9305.051343294119,9183.62622071875,9271.462474342405,8086.395020305245,8650.07072453125,7989.744021043084,8466.44238435453,8982.041381781251,8409.378740156462,3270.421994944356,3275.3900145937505,3269.9870876893424,
H623A44507900,M3A30,3.368,0.488,1100.099976,12120,0.7308104869514416,0.740077343292868,0.7600478531350531,0.7100700121350532,0.2700468405159332,0.5776104318092681,0.6873999547782187,0.7060101041998366,0.6937771349579783,0.4974743822668378,0.4140549480818891,0.2863244638127945,0.2234502550009318,0.20486254887522296,-0.3573712900992998,1.29195751138088,1.7789333333333335,1.6263913043478266,10568.442897016692,10096.524414066667,10630.187535917748,9444.846899028831,9642.304557266667,9395.176237839827,8185.326028128983,8593.4783203,8140.879178919914,8330.86180307739,8781.017089833333,8373.445720476191,3269.9155658801214,3270.5849690666664,3269.8445167770565,
H623A44508000,M3A30,3.368,0.484,1097.5,12110,0.7308840355283842,0.740029458404658,0.7600812624803494,0.7122748919301309,0.26672135368704514,0.5917543506281492,0.6919533888646289,0.7028097628171537,0.6952644344916583,0.48462595597637437,0.41406185022600167,0.2863248763247274,0.22344993306264205,0.2054806280548533,-0.3573712750632039,1.3217059679767102,1.6789375,1.5872727272727274,10696.196539247454,10005.878570625,10823.977281214136,9494.60942331441,9585.1518249375,9455.242437224533,8159.558906487627,8644.442596500001,8082.792275426196,8346.319964235809,8674.8215026875,8292.91860320582,3270.1444207350796,3269.0435561249997,3269.8756705031187,
H623A44507500,M3A30,3.368,0.513,1101.800049,12220,0.7308499219202038,0.7400140680390491,0.7600145069728353,0.7122735824634975,0.2763169516162988,0.5894940537031474,0.6948606264496539,0.7058649894893563,0.6768502142405641,0.4796853926642287,0.41401721514312095,0.28632484006791176,0.22344949656569268,0.20548857467607903,-0.35737175130015186,1.4362988115449915,2.405625,2.22764,10679.934043086587,10147.152954187499,10729.859129094431,9518.784834587435,9763.47152709375,9469.069945973366,8184.346111016977,8639.75137328125,8135.615261585956,8176.917942224109,8528.755035406251,8204.850597757868,3270.2124425382003,3268.76759334375,3270.3586803898306,
H623A44507800,M3A30,3.368,0.473,1105.599976,12120,0.7308106070437829,0.7399245024938704,0.7599994799614712,0.7123101456007005,0.2621288181103328,0.5890416581698774,0.6889603500222282,0.6969891891007678,0.6539084294321702,0.48351852045534155,0.4140167759056134,0.28632291274771865,0.22345125333824928,0.20548627949119735,-0.35737130344424983,1.4075183887915936,2.083333333333333,1.8477727272727278,10673.110431950963,10028.512532566669,10741.528357037596,9460.997155817862,9517.1819986,9408.91328173183,8101.932718954465,8618.826074266666,8047.557458107769,7969.1347818826625,8282.122314466666,7955.580734070176,3272.196477630473,3272.532031266667,3271.924638270677,
H623A48900900,M3A30,3.368,0.475,1102.300049,12120,0.7308344082965205,0.7154563297594553,0.7071382214478064,0.6722852402904689,0.29843107726928897,0.6362923619393692,0.6947102854433842,0.6551073566047946,0.5458005058722216,0.4627910753258467,0.4140444312286011,0.27678636155744885,0.2078914975873875,0.1868416793906097,-0.431611867436367,1.3890060514372164,2.0078148148148154,1.7672307692307687,10912.385199981845,10026.018880222224,11012.224664333333,9574.167832818457,10463.337782148146,9893.574846521646,7776.822941529501,9514.148093888887,8249.359181575757,7456.686644593041,8417.588216166667,7890.202485588744,3101.60617715885,3270.3014548888896,3269.4171253484847,
H123A30906100,M3A46,3.368,0.625,1088.699951,12210,0.8563608494988864,0.833402849545657,0.7789471434120268,0.74577165144098,0.47917513310690424,0.6776312127248587,0.5727835241399692,0.48051748547884193,0.5213882137313688,0.3510986819145108,0.4140293823858087,0.41375821500410276,0.41003774384401986,0.2999978896807721,-0.3468192136599852,1.546904231625835,2.1014,2.032454545454545,10685.622083367483,9936.695117166666,10709.203019587301,9093.36365533853,9284.464843766667,9026.873766107938,7820.292701247216,8233.764029966665,7760.699085463491,7522.225206394209,7703.404134066665,7518.727100387301,3766.3463637616924,3798.6986816666667,3800.65203991746,58.69224548339844
H123A30906200,M3A46,3.368,0.625,1083.099976,12210,0.7924273736527473,0.7455905828835164,0.6831874409802198,0.6475424234571429,0.45099651836923077,0.632950943624683,0.5209244962662722,0.426934977591716,0.45491425030177507,0.34162178232713436,0.3830953537073454,0.3703602860535956,0.36307985347214194,0.26044040866782336,-0.32455246491613654,1.4822989010989014,2.3726666666666674,2.1645909090909097,9942.594818828573,10503.3906901,10771.073171749214,8209.013933712087,9497.133561233331,9130.910551134797,6911.277345890109,8352.0877279,7825.946408448277,6548.123885,7984.6794109,7507.539093097179,3600.8172502945054,3802.2846680666667,3801.3743043228833,49.226741790771484
H123A15706600,SPHC,3.368,0.621,1084.699951,22210,0.8411672320442892,0.7449286686643357,0.7027578302820512,0.6945332924848485,0.34302137694638696,0.7230427310202617,0.512215360568406,0.4858245509288148,0.538203032097902,0.3318816869983862,0.41403508771929837,0.4039763634400687,0.33547523797489054,0.2860133315666789,-0.23518357892283157,2.061053613053613,2.9975333333333336,2.6971818181818183,9806.759578972027,9369.640820433331,9859.990575036547,8915.653800631702,9310.587076766666,9060.992197245847,7671.255159384615,8459.986621066666,7926.353165235881,7538.31327965035,8102.447607399999,7908.9011027674405,3036.1420614102567,3216.554085233333,3216.0648668272424,51.04795455932617
H123A15706700,SPHC,3.368,0.61,1076.0,22210,0.8412006713587176,0.7588197946072144,0.729832480759519,0.7284563475310621,0.30816777171743487,0.7200728211353477,0.5197787461908432,0.5066273535432403,0.5559435909010328,0.39338130655079384,0.4140358613507718,0.41164096451147913,0.3459164619414267,0.3000047112822135,-0.24468206826987307,1.8693046092184367,2.1452666666666667,2.0701363636363634,9773.218971152306,9366.780338499999,9858.72370258,9065.127309316635,9196.6825845,9018.67030695143,7989.077346114229,8424.327571633332,7883.36304549143,7827.650136202405,8133.969075466667,7760.525394814286,3216.262834769539,3217.0138101999996,3216.1601367485714,50.499664306640625
H123A25906300,M3A32,3.368,0.566,1043.099976,12210,0.8297000742012383,0.7808940156671826,0.7316188755046439,0.7206093457213623,0.4662440572616099,0.6212514059597524,0.5588783449124792,0.5240128303340081,0.6341650222005238,0.3646718237098118,0.41403503339308023,0.4140350877192983,0.39295920700124926,0.2999978823420781,-0.32588473975883986,1.9086687306501549,2.9616666666666664,2.813772727272727,10446.060427464396,9718.626529933335,10587.356922794248,9217.079313208978,9177.9936849,9200.452571918142,7879.0193286873055,8052.258203133333,7849.570448617257,8245.428562783281,8518.737792933334,8236.36561894469,3141.173639156347,3140.0791910999997,3140.791819878318,47.76799011230469
H123A15709000,SPHC,3.368,0.639,1018.299988,22210,0.8412173793229973,0.7588746225813953,0.7298297510361755,0.7284820102764857,0.41220671283204136,0.6659623994623336,0.5002791830103359,0.4749371858328365,0.5851004375809978,0.4717655674647187,0.4140337274581804,0.411645404759962,0.3459206630672288,0.30000099803254904,-0.237936439829548,2.0051214470284235,1.9820625,1.9040454545454544,9117.527487576226,8651.32406615625,9145.44258820295,8369.520097746768,8518.0077515625,8331.989151479704,7375.031439260982,7784.949432406249,7331.589733826569,7815.368447948321,8176.159988468749,7787.500136915129,3075.6246019431524,3074.61336521875,3075.860419129151,40.960838317871094
